"","state","district number","party","percent urban","percent rural","population","median income","percent white","percent black","percent asian","percent native american"
"1"," Alabama"," 1","Republican","September 2011}} ","September 2011}} "," 635,300"," 34,739"," 67.8"," 28"," 1"," 1"
"2"," Alabama"," 2"," Republican"," 50.1 {{Citation needed|date"," 49.9 {{Citation needed|date"," 635,300"," 32,460"," 67.0"," 29.4"," 0.6"," 0.4"
"3"," Alabama"," 3"," Republican"," 53.3"," 46.7"," 635,300"," 30,806"," 64.9"," 32.2"," 0.6"," 0.3"
"4"," Alabama"," 4"," Republican"," 26.5","73.5 "," 635,300"," 31,344"," 90.4"," 5.1"," 0.2"," 0.4"
"5"," Alabama"," 5"," Republican","59.4 "," 40.6"," 696,690"," 38,054"," 77.7"," 16.9"," 1"," 0.9"
"6"," Alabama"," 6"," Republican"," 62.1"," 37.9"," 635,300"," 46,946"," 88.8"," 7.7"," 0.9"," 0.3"
"7"," Alabama"," 7"," Democratic"," 72.2"," 27.8"," 635,300"," 26,672"," 35.5"," 61.7"," 0.6"," 0.2"
"8"," Alaska"," AL"," Republican"," 65.7"," 34.3"," 736,732"," 57,431"," 64.1"," 3.1"," 5.3"," 14.4"
"9"," American Samoa"," AL"," Republican",NA,NA," 57,291"," 15,851"," 1.2"," 0.0"," 2.9"," 0.0"
"10"," Arizona"," 1"," Democratic"," 55.4"," 44.6"," 641,329"," 32,979"," 65.8"," 1.3"," 0.5"," 22.6"
"11"," Arizona"," 2"," Republican"," 89"," 11"," 641,329"," 42,432"," 85.5"," 2.2"," 1.7"," 2.2"
"12"," Arizona"," 3"," Democratic"," 96.46 "," 3.54"," 641,329"," 48,108"," 85.7"," 2.4"," 2.2"," 1.3"
"13"," Arizona"," 4"," Republican"," 99.5"," 0.5"," 641,329"," 30,624"," 29.3"," 7.5"," 1.3"," 2.4"
"14"," Arizona"," 5"," Republican"," 97.2"," 2.8"," 641,329"," 51,780"," 76.8"," 2.7"," 3.3"," 1.8"
"15"," Arizona"," 6"," Republican"," 96.8"," 3.2"," 641,329"," 47,976"," 76.6"," 1.9"," 1.8"," 0.8"
"16"," Arizona"," 7"," Democratic"," 83.6"," 16.4"," 855,769"," 30,828"," 32.6"," 3.7"," 1.8"," 4.3"
"17"," Arizona"," 8"," Republican "," 87.3"," 12.7"," 641,329"," 40,656"," 73.9"," 3"," 2.1"," 0.8"
"18"," Arizona"," 9"," Democratic "," "," "," "," "," "," "," "," "
"19"," Arkansas"," 1"," Republican"," 44.5 "," 55.5"," 668,360"," 28,940"," 80.2"," 16.6"," 0.3"," 0.4"
"20"," Arkansas"," 2"," Republican"," 66.2"," 33.8"," 666,058"," 37,221"," 75.6"," 19.4"," 0.9"," 0.4"
"21"," Arkansas"," 3"," Republican"," 54.4"," 45.6"," 672,756"," 33,915"," 87.3","  6.3"," 1.4"," 1.2"
"22"," Arkansas"," 4"," Republican"," 66.2"," 33.8"," 666,266"," 29,675"," 71"," 24.4"," 0.4"," 0.5"
"23",NA,NA,NA,NA,NA,NA,NA,NA,NA,NA,NA
"24"," California"," 2"," Democratic"," "," "," 704,148"," "," 80.5"," 1.8"," 4.2"," "
"25"," California"," 3"," Democratic"," "," "," "," "," 50.9"," 6.5"," 11.8"," "
"26"," California"," 4"," Republican"," "," "," "," "," 78.2"," 1.5"," 5.2"," "
"27"," California"," 5"," Democratic"," "," "," "," "," 52.8"," 7"," 12.1"," "
"28"," California"," 6"," Democratic"," "," "," "," "," 38.9"," 12.6"," 17.5",NA
"29"," California"," 7"," Democratic"," ",NA," "," "," 57.2"," 8.2"," 15.9"," "
"30"," California"," 8"," Republican"," "," ",NA," "," 50.2"," 8.1"," 3.9"," "
"31"," California"," 9"," Democratic"," "," "," "," "," 36.9"," 8.8"," 14.9"," "
"32"," California"," 10"," Republican"," "," "," "," "," 46.4"," 3.7"," 7.7"," "
"33"," California"," 11"," Democratic"," "," "," "," "," 48.6"," 9.4"," 14.5"," "
"34"," California"," 12"," Democratic"," 100.0"," 0.0"," "," 48,523<ref>http://bigstory.ap.org/article/party-rich-congress-its-democrats</ref>"," 44.0"," 6.3"," 33.4"," "
"35"," California"," 13"," {{Representative|cacd|13|fmt"," "," "," "," "," 34.2"," 19.9"," 22.8"," "
"36"," California"," 14"," Democratic"," "," "," "," "," 36.9"," 3.5"," 33.5"," "
"37"," California"," 15"," Democratic"," "," "," "," "," 37.5"," 6.9"," 30.1"," "
"38"," California"," 16"," Democratic"," "," ",NA," "," 25.1"," 5.8"," 8.6",NA
"39"," California"," 17"," Democratic"," "," "," "," "," 26.8"," 2.4"," 49.7",NA
"40"," California"," 18"," Democratic"," ",NA," "," "," 57.9"," 1.9"," 19.1"," "
"41"," California"," 19"," Democratic"," "," "," "," "," 27.0"," 2.8"," 25.9"," "
"42"," California"," 20"," Democratic"," ",NA," "," "," 39.2"," 2.0"," 5.3"," "
"43"," California"," 21"," Republican"," "," "," "," "," 19.3"," 4.4"," 3.4"," "
"44"," California"," 22"," Republican"," "," "," "," "," 42.4"," 2.8"," 7.3"," "
"45"," California"," 23"," {{Representative|cacd|23|fmt"," "," "," "," "," 50.6"," 5.9"," 4.5",NA
"46"," California"," 24"," {{Representative|cacd|24|fmt"," ",NA," "," "," 57.1"," 1.8"," 4.1"," "
"47"," California"," 25"," {{Representative|cacd|25|fmt"," ",NA," "," "," 45.8"," 8.0"," 7.7"," "
"48"," California"," 26"," {{Representative|cacd|26|fmt"," "," "," "," "," 46.1"," 1.6"," 6.4",NA
"49"," California"," 27"," {{Representative|cacd|27|fmt"," "," "," "," "," 29.2"," 4.5"," 37.0"," "
"50"," California"," 28"," {{Representative|cacd|28|fmt",NA,NA,NA,NA," 55.3"," 2.3"," 13.5",NA
"51"," California"," 29"," {{Representative|cacd|29|fmt"," "," "," "," "," 18.4"," 3.6"," 7.5"," "
"52"," California"," 30"," {{Representative|cacd|30|fmt"," ",NA," "," "," 53.4"," 4.2"," 11.9"," "
"53"," California"," 31"," {{Representative|cacd|31|fmt"," "," "," "," "," 29.7"," 11.0"," 7.2"," "
"54"," California"," 32"," {{Representative|cacd|32|fmt",NA," "," "," "," 18.1"," 2.5"," 15.1",NA
"55"," California"," 33"," {{Representative|cacd|33|fmt"," "," "," "," 61,273<ref>http://bigstory.ap.org/article/party-rich-congress-its-democrats</ref>"," 68.5"," 2.8"," 13.5"," "
"56"," California"," 34"," {{Representative|cacd|34|fmt"," "," "," "," "," 9.2"," 4.4"," 19.4"," "
"57"," California"," 35"," {{Representative|cacd|35|fmt"," ",NA," "," "," 15.9"," 6.7"," 6.3"," "
"58"," California"," 36"," {{Representative|cacd|36|fmt",NA," ",NA,NA," 44.4"," 3.6"," 3.0"," "
"59"," California"," 37"," {{Representative|cacd|37|fmt"," "," "," "," "," 24.3"," 24.6"," 9.3"," "
"60"," California"," 38"," {{Representative|cacd|38|fmt",NA," "," "," "," 18.9"," 3.6"," 14.5",NA
"61"," California"," 39"," {{Representative|cacd|39|fmt"," "," "," "," "," 34.1"," 2.3"," 28.5"," "
"62"," California"," 40"," {{Representative|cacd|40|fmt"," ",NA," "," "," 5.4"," 5.1"," 2.3"," "
"63"," California"," 41"," {{Representative|cacd|41|fmt"," "," "," "," "," 26.1"," 9.5"," 5.9"," "
"64"," California"," 42"," {{Representative|cacd|42|fmt"," "," "," "," "," 46.6"," 5.1"," 8.8"," "
"65"," California"," 43"," {{Representative|cacd|43|fmt"," "," "," ",NA," 15.1"," 23.6"," 12.6"," "
"66"," California"," 44"," {{Representative|cacd|44|fmt"," 100"," 0"," 702,904"," "," 7.2"," 16.8"," 6.2"," "
"67"," California"," 45"," {{Representative|cacd|45|fmt"," "," "," "," "," 55.5"," 1.4"," 20.9"," "
"68"," California"," 46"," {{Representative|cacd|46|fmt"," "," ",NA," "," 18.4"," 1.7"," 11.7"," "
"69"," California"," 47"," {{Representative|cacd|47|fmt"," "," ",NA," "," 34.1"," 7.3"," 21.4"," "
"70"," California"," 48"," {{Representative|cacd|48|fmt"," "," "," "," "," 58.6"," 0.9"," 17.5"," "
"71"," California"," 49"," {{Representative|cacd|49|fmt"," "," "," 717,823<ref>{{Cite web|url"," 67,018<ref>{{Cite web|url"," 61.5"," 2.3"," 6.9"," "
"72"," California"," 50"," {{Representative|cacd|50|fmt"," "," "," 730,427<ref>{{Cite web|url"," 61,533<ref>{{Cite web|url"," 58.6"," 2.3"," 5.1",NA
"73"," California"," 51"," {{Representative|cacd|51|fmt"," "," "," 743,982<ref>{{Cite web|url"," 41,477<ref>{{Cite web|url"," 14.4"," 6.8"," 8.1"," "
"74"," California"," 52"," {{Representative|cacd|52|fmt"," ",NA," 713,904<ref>{{Cite web|url"," 82,286<ref>{{Cite web|url"," 62.1"," 2.9"," 17.9",NA
"75"," California"," 53"," {{Representative|cacd|53|fmt"," ",NA," 741,909<ref>{{Cite web|url"," 61,021<ref>{{Cite web|url"," 43.1"," 7.8"," 13.2"," "
"76",NA,NA,NA,NA,NA,NA,NA,NA,NA,NA,NA
"77",NA,NA,NA,NA,NA,NA,NA,NA,NA,NA,NA
"78",NA,NA,NA,NA,NA,NA,NA,NA,NA,NA,NA
"79",NA,NA,NA,NA,NA,NA,NA,NA,NA,NA,NA
"80",NA,NA,NA,NA,NA,NA,NA,NA,NA,NA,NA
"81",NA,NA,NA,NA,NA,NA,NA,NA,NA,NA,NA
"82",NA,NA,NA,NA,NA,NA,NA,NA,NA,NA,NA
"83"," Connecticut"," 1"," Democratic"," 93.4"," 6.6"," 714,820"," 50,227"," 65.0"," 13.8"," 4.4"," 0.2"
"84"," Connecticut"," 2"," Democratic"," 66.7.{{citation needed|date"," 33.3"," 714,819"," 54,498"," 84.2"," 3.6"," 2.9"," 0.4"
"85"," Connecticut"," 3"," Democratic"," 96.6"," 3.4"," 714,819"," 49,752"," 69.0"," 12.4"," 3.9"," 0.2"
"86"," Connecticut"," 4"," Democratic"," 95.9"," 4.1"," 714,819"," 66,598"," 64.8"," 11.2"," 4.6"," 0.1"
"87"," Connecticut"," 5"," Democratic"," 85.9"," 14.1"," 714,820"," 53,118"," 73.2"," 5.9"," 3.1"," 0.1"
"88"," Delaware"," AL"," Democratic"," 80.0"," 20.0"," 897,934"," 57,357"," 68.9"," 21.4",NA,NA
"89"," District of Columbia"," AL"," Democratic"," 100.0"," 0.0"," 601,723"," 63,124"," 39.9"," 50.1"," 3.6"," 0.3"
"90"," Florida"," 1"," Republican"," 77.5"," 22.5"," 639,295"," 36,738"," 78.0"," 14.0"," 1.9"," 0.9"
"91"," Florida"," 2"," Democratic"," 62.1"," 37.9"," 639,295"," 34,718"," 71.5"," 22.1"," 1.2"," 0.5"
"92"," Florida"," 3"," Republican",NA,NA,NA,NA,NA,NA,NA,NA
"93"," Florida"," 4"," Republican"," 78.2"," 21.8"," 639,295"," 43,947"," 77.8"," 13.5"," 2.4"," 0.3"
"94"," Florida"," 5"," Democratic"," "," "," "," "," "," "," "," "
"95"," Florida"," 6"," Republican"," "," "," "," "," "," "," "," "
"96"," Florida"," 7"," Republican"," "," ",NA," ",NA," "," "," "
"97"," Florida"," 8"," Republican"," "," "," "," "," "," "," "," "
"98"," Florida"," 9"," Democratic"," "," "," 688,665"," "," 76.5%"," 10.7%"," 3.7&"," 0.4%"
"99"," Florida"," 10"," Republican"," ",NA," "," "," 69.9"," 10.4"," "," "
"100"," Florida"," 11"," Republican"," ",NA," "," ",NA," ",NA," "
"101"," Florida"," 12"," Republican"," "," ",NA," "," "," ",NA,NA
"102"," Florida"," 13"," Republican "," "," "," "," "," "," "," "," "
"103"," Florida"," 14"," Democratic"," "," "," "," "," "," "," "," "
"104"," Florida"," 15"," Republican"," "," "," "," "," "," "," "," "
"105"," Florida"," 16"," Republican"," "," "," "," ",NA," "," "," "
"106"," Florida"," 17"," Republican"," "," "," "," "," "," "," "," "
"107"," Florida"," 18"," Democratic"," "," "," "," "," "," "," "," "
"108"," Florida"," 19"," Republican"," "," "," "," "," ",NA," ",NA
"109"," Florida"," 20"," Democratic"," "," "," "," ",NA,NA,NA," "
"110"," Florida"," 21"," Democratic"," "," "," "," ",NA," ",NA,NA
"111"," Florida"," 22"," Democratic"," 99.19"," 0.81"," 639,295","51,200"," 82.3"," 3.8"," 1.7"," 0.1"
"112"," Florida"," 23"," Democratic"," ",NA," "," "," "," "," ",NA
"113"," Florida"," 24"," Democratic"," "," "," "," "," "," "," "," "
"114"," Florida"," 25"," Republican"," "," "," "," "," "," "," "," "
"115"," Florida"," 26"," Republican"," "," "," "," "," "," "," "," "
"116"," Florida"," 27"," Republican"," "," "," "," "," "," "," "," "
"117",NA,NA,NA,NA,NA,NA,NA,NA,NA,NA,NA
"118"," Georgia"," 2"," Democratic"," "," "," 691,976 <ref name"," "," ?"," 52.28"," "," "
"119"," Georgia"," 3"," Republican"," "," "," 691,974 <ref name"," "," ?"," 24.08"," "," "
"120"," Georgia"," 4"," Democratic"," "," "," 691,976 <ref name"," "," ?"," 59.04"," "," "
"121"," Georgia"," 5"," Democratic"," "," "," 691,976 <ref name"," "," ?"," 60.45"," "," "
"122"," Georgia"," 6"," Republican"," "," "," 691,975 <ref name"," "," ?"," 13.44"," "," "
"123"," Georgia"," 7"," Republican"," "," "," 691,975<ref name"," "," ?"," 19.26"," "," "
"124"," Georgia"," 8"," Republican"," "," "," 691,976<ref name"," 38,714<ref>http://www.census.gov/mycd/#</ref>"," 59.81"," 30.41"," "," "
"125",NA,NA,NA,NA,NA,NA,NA,NA,NA,NA,NA
"126"," Georgia"," 10"," Republican"," "," "," 691,976 <ref name"," "," 71.09"," 25.72"," "," "
"127"," Georgia"," 11"," Republican"," "," "," 691,975<ref name"," "," ?"," 16.66"," "," "
"128"," Georgia"," 12"," Republican"," "," "," 691,975<ref name"," "," ?"," 35.48"," "," "
"129"," Georgia"," 13"," Democratic"," "," "," 691,976<ref name"," "," ?"," 56.96"," "," "
"130"," Georgia"," 14"," Republican"," "," "," 691,974<ref name"," "," 78.93 "," 8.20"," 0.92"," 0.23"
"131","Guam","AL","Democratic",NA,NA,"154,805","34,598","6.9","0.1","28.6","0.0"
"132"," Hawaii"," 1"," Democratic"," 99.27"," 0.73"," 692,981"," 74,905","18.8"," 2.0"," 54.3"," 0.2"
"133"," Hawaii"," 2"," Democratic"," 83.65"," 16.35"," 699,332<ref>{{cite web|title"," 48,686","29.8"," 1.6"," 28.8"," 0.4"
"134"," Idaho"," 1"," Republican"," 65.82"," 34.18"," 648,744"," 38,364","91.6"," 0.3"," 1.4"," 0.9"
"135"," Idaho"," 2"," Republican"," 67.03"," 32.97"," 645,149"," 46,943"," 90.4"," 0.5"," 0.9"," 1.4"
"136"," Illinois"," 1"," Democratic"," 99.0"," 1.0"," 711,982","46,458"," 40.6"," 51.3"," 2.0"," 0.2"
"137"," Illinois"," 2"," Democratic"," 94.7"," 3.3"," 718,507"," 45,572"," 36.7"," 55.5"," 0.8"," 0.1"
"138"," Illinois"," 3"," Democratic"," 99.6"," 0.4"," 713,092"," 56,579"," 78.8"," 3.8"," 3.3"," 0.3"
"139"," Illinois"," 4"," Democratic"," 100.0"," 0.0"," 737,025"," 39,744"," 57.9"," 3.9"," 2.3"," 0.2"
"140"," Illinois"," 5"," Democratic"," 100.0"," 0.0"," 712,292"," 62,632"," 81.8"," 2.4"," 6.9"," 0.2"
"141"," Illinois"," 6"," Republican"," 99.4"," 0.6"," 712,712"," 85,655"," 85.1"," 2.8"," 7.9"," 0.1"
"142"," Illinois"," 7"," Democratic"," 100.0"," 0.0"," 703,012"," 44,535"," 32.0"," 54.6"," 5.2"," 0.2"
"143"," Illinois"," 8"," Democratic"," 100.0"," 0.0"," 724,644"," 62,705<ref>http://www.census.gov/mycd/#</ref>"," 70.6"," 5.1"," 12.7"," 0.3"
"144"," Illinois"," 9"," Democratic","100.0"," 0.0"," 715,584"," 63,039<ref>http://www.census.gov/mycd/#</ref>"," 73.0"," 9.1"," 12.5"," 0.2"
"145"," Illinois"," 10","Republican"," 99.7"," 0.3"," 705,564"," 65,864"," 76.6"," 7.0"," 9.6"," 0.1"
"146"," Illinois"," 11"," Democratic"," 99.7"," 0.3"," 722,745"," 65,938"," 66.5"," 10.8"," 6.9"," 0.2"
"147"," Illinois"," 12"," Republican"," 75.4"," 24.6"," 713,289"," 42,181"," 79.0"," 17.1"," 1.1"," 0.2"
"148"," Illinois"," 13"," Republican"," 78.9"," 21.1"," 712,716"," 44,915"," 82.7"," 11.3"," 3.5"," 0.1"
"149"," Illinois"," 14"," Republican"," 89.9"," 10.1"," 718,232"," 77,758"," 85.8"," 2.9"," 3.8"," 0.2"
"150"," Illinois"," 15"," Republican"," 48.6"," 51.4"," 715,066"," 45,122"," 92.6"," 4.6"," 0.5"," 0.2"
"151"," Illinois"," 16"," Republican"," 71.0"," 29.1"," 713,840"," 52,101"," 91.2"," 4.2"," 1.2"," 0.1"
"152"," Illinois"," 17"," Democratic"," 73.3"," 26.7"," 711,719"," 41,194"," 82.9"," 11.5"," 1.0"," 0.4"
"153"," Illinois"," 18",NA," 63.7"," 36.3"," 707,238"," 54,571"," 91.4"," 3.9"," 2.4"," 0.2"
"154"," Indiana"," 1"," Democratic"," 87.02"," 12.98"," 675,562"," 44,087"," 75"," 18.4"," 0.8"," 0.3"
"155"," Indiana"," 2"," Republican"," 72.90"," 27.10"," 675,766"," 40,381"," 86.4"," 8.2"," 0.8"," 0.3"
"156"," Indiana"," 3"," Republican"," 65.14"," 34.86"," 675,457"," 44,013"," 89.4"," 5.6"," 1"," 0.3"
"157"," Indiana"," 4"," Republican"," 68.17"," 31.83"," 675,617"," 45,947"," 94.8"," 1.3"," 1.5"," 0.2"
"158"," Indiana"," 5"," Republican"," 74.53"," 25.47"," 675,577"," 52,800"," 94.1"," 2.6"," 1.3"," 0.3"
"159"," Indiana"," 6"," Republican"," 59.23"," 40.77"," 675,669"," 39,002"," 94"," 3.8"," 0.5"," 0.2"
"160"," Indiana"," 7"," Democratic"," 99.7"," 0.3"," 675,674"," 36,522"," 63.0"," 29.4"," 1.3"," 0.2"
"161"," Indiana"," 8"," Republican"," 58.10"," 41.90"," 675,564"," 36,732"," 94.2"," 3.7"," 0.6"," 0.2"
"162"," Indiana"," 9"," Republican",NA,NA,NA,NA,NA,NA,NA,NA
"163"," Iowa"," 1"," Republican"," 66.35"," 33.65"," 585,302<ref name"," 38,727<ref name"," 93.1"," 3.8"," 0.9"," 0.2"
"164"," Iowa"," 2"," Democratic"," 66.06"," 33.94"," 585,241<ref name"," 40,121<ref  name"," 93.7"," 2.0"," 1.5"," 0.2"
"165"," Iowa"," 3"," Republican"," 73.07"," 26.93"," 585,305<ref name"," 43,176<ref name"," 91.6"," 3.2"," 1.9"," 0.4"
"166"," Iowa"," 4"," Republican"," 50.58"," 49.42"," 585,305<ref name"," 38,242<ref name"," 95.8"," 0.8"," 1.1"," 0.2"
"167"," Kansas"," 1"," Republican"," "," "," 725,222<ref name"," 45,540"," 88.7"," "," "," "
"168"," Kansas"," 2"," Republican"," 59.73"," 40.27"," 672,102"," 37,855"," 89.0"," 5.1"," 1.0"," 1.3"
"169"," Kansas"," 3"," Republican"," 94.65"," 5.35"," 672,124"," 51,118"," 82.7"," 8.9"," 2.6"," 0.7"
"170"," Kansas"," 4"," Republican"," 78.90"," 21.10"," 672,101"," 40,917"," 83.6"," 6.9"," 2.4"," 1.2"
"171"," Kentucky"," 1"," Republican"," 36.52"," 63.48"," 673,729"," 30,360"," 90.4"," 7.3"," 0.4"," 0.1"
"172"," Kentucky"," 2"," Republican"," 47.28"," 52.72"," 673,224"," 35,724"," 91.4"," 5.73"," 0.7"," 0.3"
"173"," Kentucky"," 3"," Democratic"," 98.28"," 1.72"," 674,032"," 39,468"," 77.0"," 19.3"," 1.4"," 0.2"
"174"," Kentucky"," 4"," Republican"," 59.79"," 40.21"," 673,588"," 40,150"," 95.8"," 2.3"," 0.5"," 0.2"
"175"," Kentucky"," 5"," Republican"," 21.33"," 78.67"," 673,670"," 21,915"," 95.8"," 1.1"," 0.3"," 0.2"
"176",NA,NA,NA,NA,NA,NA,NA,NA,NA,NA,NA
"177",NA,NA,NA,NA,NA,NA,NA,NA,NA,NA,NA
"178",NA,NA,NA,NA,NA,NA,NA,NA,NA,NA,NA
"179",NA,NA,NA,NA,NA,NA,NA,NA,NA,NA,NA
"180"," Louisiana"," 4"," Republican"," 59.24"," 40.76"," 638,466"," 31,085"," 63.0"," 33.5"," 0.7"," 0.8"
"181"," Louisiana"," 5"," Republican "," 52.79"," 47.21"," 638,517"," 27,453"," 64.1"," 33.9"," 0.5","0.4"
"182",NA,NA,NA,NA,NA,NA,NA,NA,NA,NA,NA
"183"," Maine"," 1"," Democratic"," 49.44"," 50.56"," 637,450"," 42,044"," 96.8"," 0.7"," 0.9","0.3"
"184"," Maine"," 2"," Republican"," 27.89"," 72.11"," 664,181"," "," "," "," "," "
"185"," Maryland"," 1"," Republican"," 64.1"," 35.9"," 662,062"," 51,918"," 85.5"," 11.2"," 1.4"," 0.2"
"186",NA,NA,NA,NA,NA,NA,NA,NA,NA,NA,NA
"187"," Maryland"," 3"," Democratic"," 98.4"," 1.3"," 662,062"," 52,906"," 77.3"," 16.3"," 3.2"," 0.3"
"188"," Maryland"," 4"," Democratic"," 97.9"," 2.1"," 662,062"," 57,727"," 27.6"," 56.8"," 5.6"," 0.2"
"189"," Maryland"," 5"," Democratic"," 75.19"," 25.81"," 662,060"," 62,661"," 60.2"," 30.3"," 3.7"," 0.1"
"190",NA,NA,NA,NA,NA,NA,NA,NA,NA,NA,NA
"191"," Maryland","7 "," Democratic"," 95"," 4.6 {{Citation needed|date"," 662,060"," 38,885"," 34.9"," 59.1"," 3.6"," 0.2"
"192"," Maryland"," 8"," Democratic"," 88.08"," 11.92"," 756,076"," 97,192"," 68"," 11"," 9"," "
"193"," Massachusetts"," 1"," Democratic"," 69.21"," 30.79"," 634,479"," 50,210<ref>{{Cite web| url"," 88.8"," 1.9"," 1.7"," 0.2"
"194"," Massachusetts"," 2"," Democratic",NA,NA," "," "," "," "," "," "
"195"," Massachusetts"," 3"," Democratic"," "," "," ","  "," "," ",NA," "
"196"," Massachusetts"," 4"," Democratic"," "," "," "," "," ",NA,NA," "
"197"," Massachusetts"," 5"," Democratic",NA,NA,NA,NA,NA,NA,NA,NA
"198"," Massachusetts"," 6"," Democratic"," 63.15"," 36.85"," 636,554"," 76,942<ref>{{Cite web| url"," 89.8"," <br>2.2"," <br>2.5"," <br>0.2"
"199"," Massachusetts"," 7"," Democratic"," "," "," "," "," "," "," "," "
"200"," Massachusetts"," 8"," Democratic"," "," "," "," ",NA," "," ",NA
"201"," Massachusetts"," 9"," Democratic",NA,NA," "," "," ",NA," ",NA
"202",NA,NA,NA,NA,NA,NA,NA,NA,NA,NA,NA
"203"," Michigan "," 2"," Republican"," "," "," 705,975"," "," 81.1"," 6.1"," 2.0"," 0.5"
"204"," Michigan"," 3"," Republican"," "," "," 705,974"," "," 80.4"," 8.7"," 1.5"," 0.4"
"205"," Michigan"," 4"," Republican"," "," "," 705,974"," "," 92.6"," 1.8"," 0.9"," 0.7"
"206"," Michigan"," 5"," Democratic"," "," "," 705,975"," "," 74.5"," 17.6"," 0.8"," 0.5"
"207"," Michigan"," 6"," Republican"," "," "," 705,974"," "," 82.2"," 8.4"," 1.3"," 0.5"
"208"," Michigan"," 7"," Republican"," "," "," 705,974"," "," 89.1"," 4.1"," 0.9"," 0.3"
"209"," Michigan"," 8"," Republican"," "," "," 705,975"," "," 83.7"," 5.5"," 3.8"," 0.4"
"210"," Michigan"," 9"," Democratic"," "," "," 705,975"," "," 82.0"," 10.0"," 3.4"," 0.3"
"211",NA,NA,NA,NA,NA,NA,NA,NA,NA,NA,NA
"212"," Michigan"," 11"," Republican"," "," "," 705,974"," "," 82.2"," 5.0"," 7.6"," 0.2"
"213"," Michigan"," 12"," Democratic"," "," "," 705,974",NA," 76.5"," 10.6"," 4.7"," 0.4"
"214"," Michigan"," 13"," Democratic"," 100.00"," 0.00"," 705,974"," "," 33.4"," 56.3"," 1.1"," 0.3"
"215"," Michigan"," 14"," Democratic"," ",NA," 705,974"," "," 31.3"," 58.1"," 3.8"," 0.2"
"216",NA,NA,NA,NA,NA,NA,NA,NA,NA,NA,NA
"217",NA,NA,NA,NA,NA,NA,NA,NA,NA,NA,NA
"218",NA,NA,NA,NA,NA,NA,NA,NA,NA,NA,NA
"219",NA,NA,NA,NA,NA,NA,NA,NA,NA,NA,NA
"220",NA,NA,NA,NA,NA,NA,NA,NA,NA,NA,NA
"221",NA,NA,NA,NA,NA,NA,NA,NA,NA,NA,NA
"222",NA,NA,NA,NA,NA,NA,NA,NA,NA,NA,NA
"223",NA,NA,NA,NA,NA,NA,NA,NA,NA,NA,NA
"224"," Mississippi"," 1"," Republican"," 38.36"," 61.64"," 762,914"," 35,831"," 70.5"," 27.2"," 0.5"," 0.3"
"225"," Mississippi"," 2"," Democratic"," 62.67"," 37.33"," 711,164"," 26,894"," 35.0"," 63.5"," 0.4"," 0.2"
"226"," Mississippi"," 3"," Republican"," 40.33"," 59.67"," 711,115"," 31,907"," 64.2"," 33.3"," 0.6"," 0.9"
"227"," Mississippi"," 4"," Republican"," 53.72"," 46.28"," 711,219"," 33,023"," 75.3"," 22.6"," 1.5"," .8"
"228"," Missouri"," 1"," Democratic"," 99.21"," 0.79"," 739,775"," 36,314"," 46.9"," 49.8"," 1.5"," 0.2"
"229",NA,NA,NA,NA,NA,NA,NA,NA,NA,NA,NA
"230",NA,NA,NA,NA,NA,NA,NA,NA,NA,NA,NA
"231",NA,NA,NA,NA,NA,NA,NA,NA,NA,NA,NA
"232",NA,NA,NA,NA,NA,NA,NA,NA,NA,NA,NA
"233",NA,NA,NA,NA,NA,NA,NA,NA,NA,NA,NA
"234"," Missouri"," 7"," Republican"," 59.28"," 40.72"," 756,482"," 32,929"," 94.1"," 1.3"," 0.7","0.1 "
"235"," Missouri"," 8"," Republican"," 38.29"," 61.71"," 749,444"," 35,965"," 92.36"," 4.55"," 0.51"," 0.42"
"236"," Montana"," 1"," Republican"," 54.0"," 46.0"," 1,023,579"," 33,024"," 90.6"," 0.3"," 0.5"," 6.2"
"237"," Nebraska"," 1"," Republican"," 65.21"," 34.79"," 570,325"," 40,021"," 92.1"," 1.4"," 1.5"," 1.3"
"238"," Nebraska"," 2"," Democratic"," 97.86"," 2.14"," 570,421"," 45,235"," 82.3"," 10.2"," 1.8"," 0.6"
"239"," Nebraska"," 3"," Republican"," 46.21"," 53.79"," 570,571"," 33,866"," 94.4"," 0.3"," 0.5"," 0.8"
"240"," Nevada"," 1"," Democratic"," 99.90"," 0.10"," 659,962"," 36,447"," 22.9"," 9.9"," 8.6"," 0.7"
"241"," Nevada"," 2"," Republican"," "," "," 679,147"," 51,505"," 60.2"," 2"," 3.8"," 2.5"
"242"," Nevada"," 3"," Republican"," "," "," 703,278"," 61,286"," 57.9"," 7.6"," 11.8"," .4"
"243"," Nevada"," 4"," Republican"," "," "," 705118"," 50,134"," 60.96 <ref>http://www.census.gov/mycd </ref>"," 15.76"," 6.82"," 1.97"
"244"," New Hampshire"," 1"," Republican"," 66.69"," 33.31"," 662,473"," 64,681"," 93.6"," 1.3"," 2.3"," 0.2"
"245"," New Hampshire"," 2"," Democratic"," 51.83"," 48.17"," 660,986"," 63,835"," 93.3"," 1.1"," 2.4"," 0.2"
"246"," New Jersey"," 1"," Democratic ",NA,NA," 732,658<ref name",NA," 70.0"," 17.2","  4.5"," 0.3"
"247"," New Jersey"," 2"," Republican"," 79.10"," 20.90"," 647,258"," 44,173"," 75.4"," 14.7"," 2.4"," 0.4"
"248"," New Jersey"," 3"," Republican"," 96.17"," 3.83"," 647,258"," 55,282"," 85.6"," 8.8"," 2.8"," 0.2"
"249"," New Jersey"," 4"," Republican"," 93.08"," 6.92"," 647,258"," 54,073"," 85.3"," 7.8"," 2.3"," 0.2"
"250"," New Jersey"," 5"," Republican"," 82.83"," 17.17"," 647,258"," 72,781"," 89.3"," 1.5"," 6.6"," 0.2"
"251"," New Jersey"," 6"," Democratic"," 99.76"," 0.24"," 647,258"," 55,681"," 67.5"," 16.8"," 8.4"," 0.2"
"252"," New Jersey"," 7"," Republican"," 90.38"," 9.62"," 669,857"," 48,556<ref>http://bigstory.ap.org/article/party-rich-congress-its-democrats</ref>"," 79.0"," 5.7"," 10.9"," 0.1"
"253"," New Jersey"," 8"," Democratic"," 100.00"," 0.00"," 647,258"," 51,954"," 56.4"," 9.8"," 7.8"," 0.3"
"254"," New Jersey"," 9"," Democratic"," 100.00"," 0.00"," 760,064"," 52,437"," 60.5"," 11.3"," 13.8","  0.4"
"255"," New Jersey"," 10"," Democratic"," 100.00"," 0.00"," 732,658",NA," 21.42"," 51.69"," 6.41"," 0.23"
"256"," New Jersey"," 11"," Republican"," 93.49"," 6.51"," 647,258"," 79,009"," 87.5"," 2.8"," 6.4"," 0.1"
"257"," New Jersey"," 12"," Democratic"," 93.17"," 6.83"," 647,258"," 69,668"," 75.4"," 11.7"," 9.1"," 0.1"
"258"," New Mexico"," 1"," Democratic"," 91.35"," 8.65"," 606,400"," 38,413"," 71.1"," 2.6"," 1.8"," 3.5"
"259"," New Mexico"," 2"," Republican"," 70.82"," 29.18"," 606,406"," 29,269"," 68.8"," 2.6"," 0.6"," 5.5"
"260"," New Mexico"," 3"," Democratic"," 62.70"," 37.30"," 606,240"," 35,058"," 60.4"," 1.2"," 0.8"," 19.6"
"261",NA,NA,NA,NA,NA,NA,NA,NA,NA,NA,NA
"262"," New York"," 2"," Republican",NA,NA," "," ",NA," "," "," "
"263"," New York"," 3"," Democratic"," ",NA,NA," "," "," ",NA," "
"264"," New York"," 4"," Democratic"," "," "," "," "," "," "," "," "
"265"," New York"," 5"," Democratic"," "," "," "," "," "," "," "," "
"266"," New York"," 6"," Democratic"," "," "," ",NA," "," ",NA," "
"267"," New York"," 7"," Democratic"," "," "," "," "," "," "," "," "
"268"," New York"," 8"," Democratic"," ",NA," "," "," ",NA," "," "
"269"," New York"," 9"," Democratic"," "," "," "," "," "," "," "," "
"270"," New York"," 10"," Democratic"," "," "," "," "," "," "," "," "
"271"," New York"," 11"," Republican"," "," "," "," "," 73.3%"," 8.2%"," 12.8%",NA
"272",NA,NA,NA,NA,NA,NA,NA,NA,NA,NA,NA
"273"," New York"," 13"," Democratic"," "," "," "," "," "," "," "," "
"274"," New York"," 14"," Democratic"," "," "," "," "," "," "," "," "
"275"," New York"," 15"," Democratic"," "," "," "," "," "," "," ",NA
"276"," New York"," 16"," Democratic"," "," ",NA," ",NA," "," ",NA
"277"," New York"," 17"," Democratic",NA,NA,NA," ",NA," "," "," "
"278"," New York"," 18"," Democratic"," "," "," "," "," "," ",NA," "
"279"," New York"," 19"," Republican"," "," ",NA,NA,NA," ",NA," "
"280"," New York"," 20"," Democratic"," "," ",NA," "," "," ",NA," "
"281"," New York"," 21"," Republican"," "," "," "," "," "," ",NA," "
"282"," New York"," 22"," Republican"," "," "," "," "," ",NA," "," "
"283"," New York"," 23"," Republican"," "," "," "," "," ",NA,NA,NA
"284"," New York"," 24"," Republican"," "," "," ",NA," "," "," ",NA
"285"," New York"," 25"," Democratic"," "," "," "," "," ",NA," "," "
"286",NA,NA,NA,NA,NA,NA,NA,NA,NA,NA,NA
"287",NA,NA,NA,NA,NA,NA,NA,NA,NA,NA,NA
"288"," North Carolina"," 1"," Democratic"," 47.76"," 52.24"," 619,178"," 28,410"," 45.4"," 50.7"," 0.5"," 0.7"
"289"," North Carolina"," 2"," Republican"," 49.45"," 50.55"," 619,178"," 36,510"," 61.8"," 30.4"," 0.6"," 0.9"
"290"," North Carolina"," 3"," Republican"," 53.13"," 46.87"," 749,823"," 44,871"," 74"," 20.55"," 1.21"," 0.8"
"291",NA,NA,NA,NA,NA,NA,NA,NA,NA,NA,NA
"292"," North Carolina"," 5"," Republican"," 42.95"," 57.05"," 619,178"," 39,710"," 89.5"," 6.8"," 0.8"," 0.2"
"293",NA,NA,NA,NA,NA,NA,NA,NA,NA,NA,NA
"294",NA,NA,NA,NA,NA,NA,NA,NA,NA,NA,NA
"295"," North Carolina"," 8"," Republican"," 69.41"," 30.59"," 619,178"," 38,390"," 64.7"," 26.8"," 1.7"," 1.8"
"296",NA,NA,NA,NA,NA,NA,NA,NA,NA,NA,NA
"297",NA,NA,NA,NA,NA,NA,NA,NA,NA,NA,NA
"298"," North Carolina"," 11"," Republican"," 43.86"," 56.14"," 619,178"," 34,720"," 91.2"," 4.6"," 0.5"," 1.6"
"299"," North Carolina"," 12"," Democratic"," 88.5"," 11.5"," 619,178"," 35,775"," 47.2"," 44.6"," 2.1"," 0.4"
"300",NA,NA,NA,NA,NA,NA,NA,NA,NA,NA,NA
"301"," North Dakota"," AL"," Republican"," 55.8"," 44.2"," 672,591"," 56,361"," 88.9"," 1.1"," 1.1"," 5.3"
"302",NA,NA,NA,NA,NA,NA,NA,NA,NA,NA,NA
"303"," Ohio"," 1"," Republican"," 94.88"," 5.12"," 731,181<ref>{{cite web|title"," 50,069"," 72.44"," 21.61"," 2.92"," 0.22"
"304"," Ohio"," 2"," Republican"," 72.97"," 27.03"," 713,709<ref>{{cite web|title"," 48,260"," 87.66"," 8.74"," 1.06"," 0.15"
"305"," Ohio"," 3"," Democratic",NA," "," 733,584<ref>{{cite web|title"," 39,445"," 57.72"," 32.66"," 2.98"," 0.30"
"306"," Ohio"," 4"," Republican"," 58.66"," 41.34"," 718,059<ref>{{cite web|title"," 45,849"," 91.17"," 5.21"," 0.74"," 0.17"
"307"," Ohio"," 5"," Republican"," 48.81"," 51.19"," 726,090<ref>{{cite web|title"," 49,793"," 92.41"," 3.03"," 1.32"," 0.16"
"308"," Ohio"," 6"," Republican"," 50.16"," 49.84"," 716,828<ref>{{cite web|title"," 41,783"," 95.50"," 2.28"," 0.33"," 0.19"
"309"," Ohio"," 7"," Republican"," "," "," 726,927<ref>{{cite web|title"," 47,805"," 93.18"," 3.88"," 0.46"," 0.16"
"310"," Ohio"," 8"," Republican"," 77.95"," 22.05"," 724,285<ref>{{cite web|title"," 49,728"," 89.11"," 5.90"," 1.53"," 0.25"
"311"," Ohio"," 9"," Democratic"," 86.02"," 13.98"," 709,603<ref>{{cite web|title"," 37,520"," 75.43"," 16.62"," 1.35"," 0.36"
"312"," Ohio"," 10"," Republican"," ",NA," 721,777<ref>{{cite web|title"," 44,444"," 77.41"," 17.13"," 2.11"," 0.12"
"313"," Ohio"," 11"," Democratic"," 100.00"," 0.00"," 698,259<ref>{{cite web|title"," 31,331"," 40.46"," 54.07"," 1.91"," 0.21"
"314"," Ohio"," 12"," Republican"," "," "," 738,859<ref>{{cite web|title"," 63,046"," 89.00"," 4.18"," 3.54"," 0.10"
"315"," Ohio"," 13"," Democratic"," "," "," 716,143<ref>{{cite web|title"," 40,492"," 84.26"," 11.27"," 1.18"," 0.20"
"316"," Ohio"," 14"," Republican"," 74.05"," 25.95"," 720,576<ref>{{cite web|title"," 58,451"," 91.36"," 4.39"," 2.31"," 0.10"
"317"," Ohio"," 15"," Republican"," 91.26"," 8.74"," 726,053<ref>{{cite web|title"," 53,880"," 91.22"," 3.67"," 2.23"," 0.14"
"318"," Ohio"," 16"," Republican"," "," "," 722,292<ref>{{cite web|title"," 58,526"," 93.74"," 2.39"," 1.79"," 0.18"
"319",NA,NA,NA,NA,NA,NA,NA,NA,NA,NA,NA
"320"," Oklahoma"," 2"," Republican"," 35.51"," 64.49"," 690,131"," 27,885"," 71.1"," 4.1"," 0.3"," 17.1"
"321"," Oklahoma"," 3"," Republican"," 50.71"," 49.29"," 690,131"," 32,098"," 83.0"," 3.8"," 0.8"," 6.2"
"322"," Oklahoma"," 4"," Republican"," 63.29"," 36.71"," 785,424"," 35,510"," 79.7","6.7"," 1.7"," 5.7"
"323"," Oklahoma"," 5"," Republican"," 87.53"," 12.47"," 690,131"," 33,893"," 70.9","13.7"," 2.6"," 4.7"
"324"," Oregon"," 1"," Democratic"," 86.65"," 13.35"," 684,280"," 48,464"," 84.9"," 1.2"," 5.1","0.2 "
"325"," Oregon"," 2"," Republican"," 64.43"," 35.57"," 684,280"," 35,600"," 89.1"," 0.4"," 0.8","0.2 "
"326"," Oregon"," 3"," Democratic"," 93.12"," 6.88"," 684,279"," 42,063"," 79.8"," 5.3"," 5.4","0.3 "
"327"," Oregon"," 4"," Democratic"," 69.17"," 30.83"," 684,280"," 35,796"," 91.7","0.5"," 1.5","0.2 "
"328"," Oregon"," 5"," Democratic"," 80.34"," 19.66"," 684,280"," 44,409"," 87.1"," 0.7"," 1.9"," 0.3"
"329"," Pennsylvania"," 1"," Democratic"," 100.00"," 0.00"," 646,357"," 28,261"," 37.1"," 45.9"," 4.9"," 0.3"
"330"," Pennsylvania","2"," Democratic"," 100.00"," 0.00"," 646,355"," 30,646"," 30.9"," 61.2"," 4.3"," 0.2"
"331"," Pennsylvania"," 3"," Republican"," 58.37"," 41.63"," 646,311"," 35,884"," 94.4"," 3.5"," 0.5"," 0.1"
"332",NA,NA,NA,NA,NA,NA,NA,NA,NA,NA,NA
"333"," Pennsylvania"," 5"," Republican"," 46.03"," 53.97"," 646,397"," 33,254"," 96.5"," 1.3"," 1.1"," 0.2"
"334"," Pennsylvania"," 6"," Republican"," 85.78"," 14.22"," 646,221"," 55,611"," 87.9"," 6.8"," 2.1"," 0.1"
"335"," Pennsylvania"," 7"," Republican"," ",NA," 692,866"," 73,638"," 88.3"," 5.6"," 3.9"," .07"
"336"," Pennsylvania"," 8"," Republican"," 90.73"," 9.27"," 646,403"," 59,207"," 92.1"," 3.5"," 2.4"," 0.1"
"337"," Pennsylvania"," 9"," Republican"," 40.61"," 59.39"," 646,628"," 34,910"," 96.9"," 1.6"," 0.4"," 0.1"
"338",NA,NA,NA,NA,NA,NA,NA,NA,NA,NA,NA
"339"," Pennsylvania"," 11"," Republican"," "," "," ",NA," "," "," "," "
"340",NA,NA,NA,NA,NA,NA,NA,NA,NA,NA,NA
"341"," Pennsylvania"," 13"," Democratic"," 98.46"," 1.54"," 646,435"," 49,319"," 87.2"," 6.1"," 4.1"," 0.1"
"342"," Pennsylvania"," 14"," Democratic"," 99.78"," 0.22"," 646,013"," 30,139"," 73.5"," 22.7"," 1.7"," 0.2"
"343"," Pennsylvania"," 15"," Republican"," 87.30"," 12.70"," 646,300"," 45,330"," 89.5"," 3.1"," 1.7"," 0.2"
"344"," Pennsylvania"," 16"," Republican"," 76.05"," 23.95"," 646,328"," 45,943"," 87.9"," 4.3"," 1.4"," 0.2"
"345",NA,NA,NA,NA,NA,NA,NA,NA,NA,NA,NA
"346"," Pennsylvania"," 18"," Republican"," 84.05"," 15.95"," 646,374"," 44,938"," 95.8"," 2.0"," 1.3"," 0.1"
"347"," Puerto Rico"," AL"," Democratic"," "," "," 3,808,610"," 14,412"," 6.8"," 8.5"," 0.2"," 0.4"
"348"," Rhode Island"," 1"," Democratic"," "," "," 526,283"," 53,305 "," 79.3 "," 5.7"," 2.9"," 0.3"
"349"," Rhode Island"," 2"," Democratic"," "," "," 524,162"," 57,834"," 78.2"," 3.9"," 3.3"," 0.1"
"350"," South Carolina"," 1"," Republican"," "," "," 668,668"," 40,713"," 74.8"," 21.1"," 1.3"," 0.4"
"351"," South Carolina"," 2"," Republican"," "," "," 668,668"," 42,915"," 69.5"," 26.4"," 1.2"," 0.3"
"352"," South Carolina"," 3"," Republican"," "," "," 668,668"," 36,092"," 76.9"," 20.6"," 0.6"," 0.2"
"353"," South Carolina"," 4"," Republican",NA,NA," 668,668"," 39,417"," 76.2"," 19.8"," 1.4"," 0.2"
"354"," South Carolina"," 5"," Republican",NA,NA," 668,668"," 35,416"," 64.9"," 32.3"," 0.5"," 0.6"
"355"," South Carolina"," 6"," Democratic"," "," "," 668,670"," 28,967"," 40.8"," 57.0"," 0.5"," 0.3"
"356",NA,NA,NA,NA,NA,NA,NA,NA,NA,NA,NA
"357"," South Dakota"," AL"," Republican"," 55.8"," 44.2"," 814,180"," 47,223"," 84.7"," 1.2"," 1.0"," 8.5"
"358"," Tennessee"," 1"," Republican"," "," "," 632,143"," 31,228"," 95.8"," 2.2"," 0.4"," 0.2"
"359"," Tennessee"," 2"," Republican"," "," "," 632,143"," 36,796"," 90.7"," 6.3"," 1.0"," 0.3"
"360",NA,NA,NA,NA,NA,NA,NA,NA,NA,NA,NA
"361"," Tennessee"," 4"," Republican"," "," "," 632,143"," 31,645"," 93.3"," 4.4"," 0.3"," 0.3"
"362"," Tennessee"," 5"," Democratic"," "," "," 632,143"," 40,419"," 70.0"," 23.6"," 2.0"," 0.3"
"363"," Tennessee"," 6"," Republican",NA,NA," 632,143"," 39,721"," 90.3"," 6.4"," 0.9"," 0.3"
"364"," Tennessee"," 7"," Republican"," "," "," 632,143"," 50,090"," 84.6"," 11.5"," 1.5"," 0.3"
"365"," Tennessee"," 8"," Republican",NA,NA," 632,143"," 33,001"," 75.2"," 22.4"," 0.5"," 0.3"
"366"," Tennessee"," 9"," Democratic",NA,NA," 632,143"," 33,806"," 36.1"," 59.7"," 1.5"," 0.2"
"367"," Texas"," 1"," Republican"," "," "," 651,619"," 33,461"," 74.4"," 18.4"," 0.4"," 0.5"
"368"," Texas"," 2"," Republican"," "," "," "," "," "," ",NA," "
"369"," Texas"," 3"," Republican"," "," "," "," "," "," "," "," "
"370"," Texas"," 4"," Republican"," "," "," 651,619"," 38,276"," 83.0"," 10.4"," 0.6"," 0.8"
"371"," Texas"," 5"," Republican"," "," "," 651,619"," 41,007"," 77.5"," 12.5"," 1.5"," 0.6"
"372"," Texas"," 6"," Republican"," "," "," 651,619"," 45,857"," 73.0"," 13.0"," 3.5"," 0.5"
"373"," Texas"," 7"," Republican",NA,NA," 651,619"," 57,848"," 77.7"," 5.7"," 6.9"," 0.4"
"374"," Texas"," 8"," Republican"," "," ",NA," "," ",NA," "," "
"375"," Texas"," 9"," Democratic"," "," "," 651,619"," 34,870"," 32.9"," 37.5"," 10.7"," 0.4"
"376"," Texas"," 10"," Republican"," "," "," 651,619"," 52,465"," 75.5"," 9.2"," 4.0"," 0.4"
"377"," Texas"," 11"," Republican"," "," "," 651,619"," 32,711"," 80.4"," 4.2"," 0.6"," 0.6"
"378"," Texas"," 12"," Republican"," 86.54"," 13.46"," 698,488"," 57,652"," 66.4"," 7.7"," 3.0"," 0.5"
"379"," Texas"," 13"," Republican"," "," "," 651,619"," 33,501"," 81.0"," 5.8"," 1.1"," 0.8"
"380","Texas","14"," Republican"," 86.57"," 13.43","698,472","51,437"," 52.9","20.1"," 3.0"," 0.2"
"381"," Texas"," 15"," Democratic"," "," "," 651,619"," 28,061"," "," "," "," "
"382"," Texas"," 16"," Democratic"," "," "," 651,619"," 32,245"," 73.9"," 3.2"," 1.0"," 0.8"
"383"," Texas"," 17"," Republican"," "," "," 651,619"," 35,253"," 78.6"," 10.4"," 1.5"," 0.5"
"384"," Texas"," 18"," Democratic"," "," "," 651,619"," 31,293"," 36.9"," 40.4"," 3.4"," 0.4"
"385"," Texas"," 19"," Republican"," "," "," 651,619"," 31,575"," 77.2"," 5.5"," 0.8"," 0.6"
"386"," Texas"," 20"," Democratic"," "," "," 651,619"," 31,937"," 65.1"," 6.9"," 1.5"," 0.9"
"387"," Texas"," 21"," Republican"," "," "," 651,619"," 55,609"," 84.0"," 3.9"," 3.1"," 0.5"
"388",NA,NA,NA,NA,NA,NA,NA,NA,NA,NA,NA
"389",NA,NA,NA,NA,NA,NA,NA,NA,NA,NA,NA
"390"," Texas"," 24"," Republican"," "," "," 651,619"," 56,098"," 73.1"," 9.8"," 6.3"," 0.5"
"391"," Texas"," 25"," Republican"," "," "," "," ",NA," "," "," "
"392"," Texas"," 26"," Republican",NA,NA," 651,619"," 48,714","72.9"," 15.6"," 2.2"," 0.6"
"393"," Texas"," 27"," Republican"," "," "," 702,804"," 31,327","42.5"," 6"," 1.2"," 0.6"
"394"," Texas"," 28"," Democratic"," "," "," 732,432<ref>[http://factfinder2.census.gov/faces/tableservices/jsf/pages/productview.xhtml?pid"," 42,237<ref>[http://factfinder2.census.gov/faces/tableservices/jsf/pages/productview.xhtml?pid"," 17.6"," 4.3"," 0.9"," 0.2"
"395"," Texas"," 29"," Democratic"," "," "," 651,619"," 31,751","21.2{{citation needed|date"," 10.0"," 1.4"," 0.7"
"396"," Texas"," 30"," Democratic"," "," "," 651,619"," 33,505","16.8"," 39.1"," 1.3"," 0.5"
"397"," Texas"," 31"," Republican"," "," "," 651,619"," 43,381","73.2"," 13.3"," 2.2"," 0.6"
"398"," Texas"," 32"," Republican"," "," "," 651,619"," 45,725","67.6"," 7.9"," 4.2"," 0.6"
"399"," Texas"," 33"," Democratic"," "," "," "," ",NA," "," "," "
"400"," Texas"," 34"," Democratic"," "," "," "," ",NA," "," "," "
"401"," Texas"," 35"," Democratic"," "," "," "," ",NA," "," "," "
"402"," Texas"," 36"," Republican"," "," "," "," 46,413"," 63.5"," 9.7"," 2.7"," 0.3"
"403"," Utah"," 1"," Republican"," "," "," "," ",NA,NA," "," "
"404"," Utah"," 2"," Republican",NA,NA,NA," ",NA," "," "," "
"405"," Utah"," 3"," Republican"," "," ",NA," ",NA,NA," "," "
"406"," Utah"," 4"," Republican"," ",NA," 745,786 <ref name"," ","  83.7 ","   1.67 ","   2.99",".76"
"407"," Vermont"," AL"," Democratic",NA,NA," 608,827"," 51,755","95.2"," 0.8"," 0.9"," 0.4"
"408",NA,NA,NA,NA,NA,NA,NA,NA,NA,NA,NA
"409",NA,NA,NA,NA,NA,NA,NA,NA,NA,NA,NA
"410",NA,NA,NA,NA,NA,NA,NA,NA,NA,NA,NA
"411",NA,NA,NA,NA,NA,NA,NA,NA,NA,NA,NA
"412",NA,NA,NA,NA,NA,NA,NA,NA,NA,NA,NA
"413",NA,NA,NA,NA,NA,NA,NA,NA,NA,NA,NA
"414",NA,NA,NA,NA,NA,NA,NA,NA,NA,NA,NA
"415",NA,NA,NA,NA,NA,NA,NA,NA,NA,NA,NA
"416",NA,NA,NA,NA,NA,NA,NA,NA,NA,NA,NA
"417",NA,NA,NA,NA,NA,NA,NA,NA,NA,NA,NA
"418",NA,NA,NA,NA,NA,NA,NA,NA,NA,NA,NA
"419",NA,NA,NA,NA,NA,NA,NA,NA,NA,NA,NA
"420"," Washington"," 1"," Democratic"," "," "," 654,904"," 58,565"," 83.8"," 1.8"," 7.9"," 0.9"
"421"," Washington"," 2"," Democratic"," "," "," 654,903"," 45,441"," 88.0"," 1.1"," 2.8"," 2.0"
"422"," Washington"," 3"," Republican"," "," "," 654,898"," 44,426"," 89.8"," 1.2"," 2.6","1.1"
"423"," Washington"," 4"," Republican"," "," "," 654,901"," 37,764"," 75.7"," 0.9"," 1.3","2.2"
"424"," Washington"," 5"," Republican"," "," "," 654,904"," 35,720"," 89.7"," 1.3"," 1.7","2.4"
"425"," Washington"," 6"," Democratic"," "," "," 654,902"," 39,205"," 79.8"," 5.7"," 4.5","2.4"
"426"," Washington"," 7"," Democratic"," "," "," 654,902"," 45,864"," 69.3"," 8.4"," 13.3","1.1"
"427"," Washington"," 8"," Republican",NA,NA," 654,905"," 63,854"," 84.1"," 2.0"," 7.9","0.9"
"428"," Washington"," 9"," Democratic"," "," "," 672,460"," "," 49.7"," 11.17"," 21.2","0.8"
"429"," Washington"," 10"," Democratic"," "," ","  672,455 "," "," 69.8"," 6.0"," 6.4"," 1.5"
"430"," West Virginia"," 1"," Republican",NA,NA," 615,991"," 30,303"," 96.4"," 1.8"," 0.7","0.2"
"431"," West Virginia"," 2"," Republican"," "," "," 648,186"," 33,198"," 94.4"," 3.6"," 0.5","0.2"
"432"," West Virginia"," 3"," Republican"," "," "," 588,817"," 25,630"," 94.4"," 4.1"," 0.4","0.2"
"433"," Wisconsin"," 1"," Republican"," 84.13"," 15.87"," 670,458"," 50,372"," 90.1"," 4.7"," 1.0"," 0.3"
"434"," Wisconsin"," 2"," Democratic"," 75.65"," 24.35"," 670,457"," 46,976"," 90.6"," 3.6"," 2.4"," 0.4"
"435"," Wisconsin"," 3"," Democratic"," 43.15"," 56.85"," 670,462"," 40,006"," 96.6"," 0.5"," 1.2"," 0.6"
"436"," Wisconsin"," 4"," Democratic"," 100.0"," 0.00"," 670,458"," 33,121"," 54.8"," 33.4 "," 2.7"," 0.9"
"437"," Wisconsin"," 5"," Republican"," 84.79"," 15.21"," 670,458"," 58,594"," 95.3"," 1.3"," 1.5"," 0.2"
"438"," Wisconsin"," 6"," Republican"," 60.63"," 39.37"," 670,440"," 44,242"," 95.3"," 1.1"," 1.5"," 0.4"
"439"," Wisconsin"," 7"," Republican"," 42.04"," 57.96"," 670,462"," 39,026"," 95.6"," 0.3"," 1.5"," 1.5"
"440"," Wisconsin"," 8"," Republican"," 56.04"," 43.96"," 670,480"," 43,274"," 93.2"," 0.6"," 1.4"," 2.7"
"441"," Wyoming"," 1"," Republican",NA,NA," 563,626"," 37,892"," 85.9"," 0.8"," 0.8"," 2.1"
